1,Sugar Crumb,1.8,865,Babbleset
2,Wine Zinfandel Rosenblum,97.00,742,Twitterworks
3,Salmon Canned,2.3,470,Cogibox
4,Pork Backs Boneless,3.1,503,Skidoo
5,Pheasants Whole,72,195,Zoombeat
6,Squid Ink,71,344,Skilith
7,Sugar Palm,5.8,967,Dabtype
8,Lid Translucent,6.3,229,Wikivu
9,Onions Green,19,285,Linkbuzz
10,Wine Magnotta Red Baco,75,145,Brainlounge
11,Sugar Individual Portions,4.7,233,Dabshots
12,Bread White Mini Epi,6.5,674,Yambee
13,Chervil Fresh,4.5,314,Yambee
14,Cookies Cereal Nut,7.5,109,Gigabox
15,Baking Soda,2.5,902,Youfeed
16,Juice Tomato 48 Oz,8.8,831,Kazu
17,Bread Hot Dog Buns,6.9,250,Yambee
18,Persimmons,9.2,240,Kwinu
19,Parsley Dried,9.9,863,Devpoint
20,Sauce Roasted Red Pepper,6.0,853,Rhybox
21,Lentils Green Dry,4.5,884,Shufflester
22,Fudge Chocolate Fudge,5.5,984,Yodo
23,Petit Baguette,4,830,Rhynoodle
24,Sobe Green Tea,7.2,969,Oodoo
25,Juice Cranberry 284ml,6.5,817,Rhynyx
26,Cup 3.5oz Foam,8.8,679,Tazzy
27,Berry Brulee,8.9,928,Yakijo
28,Sugar Icing,7.6,352,Skilith
29,Capon Whole,60,929,Thoughtbeat
30,Soup Campbells Chili,6,431,Kaymbo
31,SpingLoaded Cup Dispenser,1.4,698,Vinte
32,Doilies 7 Paper,6.2,133,Demizz
33,Spinach Spinach Leaf,3.7,227,Babbleset
34,Cheese Brie Triple Creme,4.2,365,BlogXS
35,Gooseberry,6.3,957,Feednation
36,Peach Fresh,8.7,807,Wikizz
37,Lemon Grass,6.1,58,Voolith
38,Olives Stuffed,2.3,276,Devpoint
39,Basil Primerba Paste,6.4,617,Photobean
40,Sauce Thousand Island,5.5,580,Feedfire
41,Myers Planters Punch,3.5,380,Rhyzio
42,Rum White Gg White,2.2,966,Feedfire
43,Pumpkin,15,408,Shufflebeat
44,Gatorade Cool Blue Raspberry,61,648,Twimm
45,Muffin Mix Corn Harvest,26,521,Lazz
46,Wine White Pinot Grigio,16,290,Topicshots
47,Tequila Sauza Silver,50,954,Aivee
48,Turkey Ground Lean,65,842,Plajo
49,Loquat,54,396,Trupe
50,Rice Pilaf,82,610,Dynabox
51,Bar Mix Lemon,60,84,Wikivu
52,Longos Lasagna Beef,15,12,Devpoint
53,Danishes Mini Cheese,77,821,Jaxnation
54,Wine Marlbourough Sauv Blanc,37,755,Agivu
55,Tarragon Fresh,100,32,Thoughtstorm
56,Bread Roll,61,530,Npath
57,Cookie Dough Variety,46,531,Realcube
58,Soup Campbells,78,956,Realbridge
59,Steampan Lid For Half Size,10,970,Brainsphere
60,Beer Camerons Auburn,27,488,Jetpulse
61,Squeeze Bottle,18,932,Kazio
62,Sproutsmustard Cress,83,694,Katz
63,Bag Clear 7 Lb,5,911,Feedbug
64,Bacardi Mojito,49,586,Agivu
65,Olive Spread Tapenade,85,805,Mudo
66,Beef Sushi Flat Iron Steak,21,530,Agivu
67,Nacho Chips,90,167,Quimba
68,Cake French Pear Tart,93,853,Katz
69,Wine Red Cabernet Sauvignon,28,244,Voonte
70,Cumin Ground,59,869,Gabspot
71,Squash Pattypan Yellow,9,448,Shuffledrive
72,Mushroom Chantrelle Fresh,29,181,Quatz
73,Bread Rolls Rye,26,589,Thoughtstorm
74,Truffle Peelings,38,624,Voonte
75,Wooden Mop Handle,46,4,Yabox
76,Soup Campbells Chicken Noodle,43,569,Lajo
77,Spice Montreal Steak Spice,100,822,Buzzster
78,Currants,23,914,Brightbean
79,Red Currant Jelly,43,554,Yombu
80,Wine Vouvray Cuvee Domaine,59,824,Jetwire
81,Turkey Tenderloin Frozen,72,274,Browseblab
82,Oil Shortening All Purpose,89,339,Meejo
83,Irish Cream Butterscotch,86,393,Oyoyo
84,Tart Butter Plain Squares,100,951,Gabcube
85,Table Cloth 62x120 Colour,16,197,Meejo
86,Pepper Black Ground,6,720,Yodoo
87,Anchovy Fillets,65,427,Youspan
88,Cardamon Ground,10,858,Meejo
89,Pecan Raisin Tarts,57,532,Fivebridge
90,Fenngreek Seed,31,707,Oodoo
91,Wine Peller Estates Late,61,251,Twitterlist
92,Salt Seasoned,33,166,Yambee
93,Apple Granny Smith,75,929,Cogilith
94,Vinegar Balsamic,84,322,Brainlounge
95,Cookies Almond Hazelnut,17,62,Realcube
96,Jolt Cola Red Eye,23,673,Oba
97,Jicama,97,541,Quinu
98,Sour Cream,60,719,Skyvu
99,Ice Cream Bar Hageen Daz To,60,34,Youtags
100,Magnotta Bel Paese Red,72,740,Edgepulse
